Model,Accuracy (%),Sensitivity - TPR (%),Specificity - TNR (%),FPR (%),FNR (%),Training Time (s),Data Points (k),Epochs,Outperforms Article,Article Accuracy Difference (%),Accuracy Norm,Sensitivity Norm,Specificity Norm,Training Time Norm,FNR Penalty,Composite Score,Clinical Score,Technical Score,Rank,Outperforms Article Bool,Medical Score,Medical Rank
Softmax Regression,98.83040935672514,96.875,100.0,0.0,3.125,66.57650995254517,1536.0,3000,True,1.1741593567251463,0.9883040935672515,0.96875,1.0,0.9249350008350837,0.96875,97.74624328320463,98.08662280701755,71.90488877191798,1,1,97.26608187134502,1
Support Vector Machine,98.24561403508771,95.3125,100.0,0.0,4.6875,140.63588523864746,1536.0,3000,True,2.151864035087714,0.9824561403508771,0.953125,1.0,0.8414330727831618,0.953125,96.15967064011231,97.12993421052632,68.74840316144575,2,1,95.89912280701755,2
